epoch,time,train/box_loss,train/cls_loss,train/dfl_loss,metrics/precision(B),metrics/recall(B),metrics/mAP50(B),metrics/mAP50-95(B),val/box_loss,val/cls_loss,val/dfl_loss,lr/pg0,lr/pg1,lr/pg2
1,318.655,1.64104,3.06859,1.7159,0.00333,1,0.98105,0.66616,1.29622,2.90841,1.40987,0.00016,0.00016,0.00016
2,411.3,0.86655,1.32019,1.06238,0.98733,0.90698,0.97417,0.63897,1.40097,3.19356,1.63799,0.000336634,0.000336634,0.000336634
3,499.661,0.8471,1.21174,1.06756,1,0.74138,0.95082,0.66089,1.68865,3.25418,1.63611,0.000509704,0.000509704,0.000509704
4,561.627,0.75418,1.05798,1.02277,0.99139,0.89261,0.98528,0.79221,0.99687,2.23997,1.17892,0.00067921,0.00067921,0.00067921
5,627.116,0.6972,2.64437,0.93994,0.99195,0.9553,0.99407,0.75016,0.81384,2.04769,1.09849,0.000845152,0.000845152,0.000845152
6,728.885,0.79091,1.12207,1.06637,0.98411,0.95992,0.99333,0.82921,0.71786,1.33899,1.06571,0.00100753,0.00100753,0.00100753
7,807.458,0.7299,0.99927,0.98112,0.93826,0.94245,0.96795,0.69839,1.08959,1.8568,1.39421,0.00116634,0.00116634,0.00116634
8,865.015,0.73211,0.94827,1.02034,0.90619,0.89859,0.91996,0.57912,1.61948,2.14893,1.82347,0.00132159,0.00132159,0.00132159
9,929.364,0.70623,0.85951,0.9928,0.89195,0.84496,0.91629,0.69416,0.9893,2.56597,1.33424,0.00147328,0.00147328,0.00147328
10,994.503,0.80063,0.95582,1.02335,0.95691,0.86081,0.96946,0.75852,0.96704,1.62914,1.20936,0.0016214,0.0016214,0.0016214
11,1086.91,0.74177,0.82958,1.05681,0.95474,0.98105,0.99016,0.84208,0.71427,1.03031,1.00695,0.00176596,0.00176596,0.00176596
12,1148.05,0.75085,0.8084,1.02235,0.99156,1,0.98923,0.8256,0.63175,0.75844,0.94198,0.0017822,0.0017822,0.0017822
13,1213.3,0.74578,0.77202,1.01432,0.90143,0.9845,0.96553,0.71617,0.88737,1.40489,1.10842,0.0017624,0.0017624,0.0017624
14,1279.4,0.75472,0.79594,1.0264,0.98273,1,0.99454,0.85224,0.65869,1.22098,0.96251,0.0017426,0.0017426,0.0017426
15,1345.85,0.7399,0.74926,0.9867,0.99909,1,0.995,0.86644,0.59877,1.00891,0.94108,0.0017228,0.0017228,0.0017228
16,1410.26,0.68065,0.73955,0.96919,1,0.9987,0.995,0.87451,0.57862,1.0015,0.9128,0.001703,0.001703,0.001703
17,1492.35,0.79218,0.8671,1.06321,0.98472,0.99888,0.99278,0.83369,0.65211,1.59225,0.99555,0.0016832,0.0016832,0.0016832
18,1557.42,0.66556,0.64923,0.97567,0.90215,0.71318,0.8792,0.72891,0.77928,1.47791,1.08465,0.0016634,0.0016634,0.0016634
19,1614.14,0.66274,0.61907,0.94396,0.99872,1,0.995,0.87153,0.57448,0.72074,0.91618,0.0016436,0.0016436,0.0016436
20,1671.3,0.64011,0.62088,0.95205,0.98994,1,0.995,0.87157,0.58879,0.63393,0.89434,0.0016238,0.0016238,0.0016238
21,1733.66,0.64934,0.58012,0.95157,0.99933,1,0.995,0.87666,0.50612,0.55295,0.85727,0.001604,0.001604,0.001604
22,1811.45,0.62997,0.57253,0.93141,0.99938,1,0.995,0.87073,0.57555,0.55815,0.93036,0.0015842,0.0015842,0.0015842
23,1872.38,0.66277,0.54804,0.95137,0.99935,1,0.995,0.88252,0.59188,0.55639,0.944,0.0015644,0.0015644,0.0015644
24,1940.59,0.58108,1.22951,0.84747,0.99985,1,0.995,0.86668,0.76897,0.66561,1.06555,0.0015446,0.0015446,0.0015446
25,2154.94,0.61649,0.59313,0.91937,0.99924,1,0.995,0.88838,0.50847,0.54578,0.8698,0.0015248,0.0015248,0.0015248
26,2237.29,0.58777,0.50241,0.93332,0.9995,1,0.995,0.90515,0.435,0.41539,0.83195,0.001505,0.001505,0.001505
27,2296.19,0.62384,0.48638,0.95906,0.9991,1,0.995,0.877,0.49872,0.52908,0.86763,0.0014852,0.0014852,0.0014852
28,2355.73,0.58786,0.49349,0.92309,0.99776,1,0.995,0.8915,0.52237,0.43181,0.87379,0.0014654,0.0014654,0.0014654
29,2427.53,0.5793,0.50702,0.92107,0.99864,1,0.995,0.88159,0.49544,0.42817,0.86044,0.0014456,0.0014456,0.0014456
30,2495.13,0.55954,0.45601,0.91431,0.99945,1,0.995,0.88587,0.474,0.41955,0.85544,0.0014258,0.0014258,0.0014258
31,2555.29,0.63963,0.51073,0.95121,0.99951,1,0.995,0.89824,0.44667,0.41387,0.83884,0.001406,0.001406,0.001406
32,2624.27,0.55715,0.48166,0.92494,0.99918,1,0.995,0.90493,0.46177,0.39754,0.85635,0.0013862,0.0013862,0.0013862
33,2689.3,0.5099,1.43742,0.81439,0.99899,1,0.995,0.90527,0.51638,0.49472,0.92762,0.0013664,0.0013664,0.0013664
34,2746.79,0.528,0.4674,0.92313,0.99951,1,0.995,0.89979,0.42861,0.38767,0.82715,0.0013466,0.0013466,0.0013466
35,2815.06,0.5213,0.45153,0.90899,0.9995,1,0.995,0.90924,0.40012,0.3616,0.81402,0.0013268,0.0013268,0.0013268
36,2878.22,0.49335,0.40872,0.90465,0.99937,1,0.995,0.90049,0.43365,0.4067,0.83021,0.001307,0.001307,0.001307
37,2939.76,0.58591,0.45749,0.95716,0.9991,1,0.995,0.89284,0.47282,0.47689,0.83535,0.0012872,0.0012872,0.0012872
38,3025.2,0.59434,0.43908,0.90928,0.99902,1,0.995,0.9059,0.41826,0.40357,0.82747,0.0012674,0.0012674,0.0012674
39,3085.09,0.55582,0.41698,0.91504,0.99954,1,0.995,0.90625,0.43967,0.35684,0.8374,0.0012476,0.0012476,0.0012476
40,3152.57,0.64617,0.459,0.94344,0.99955,1,0.995,0.90464,0.45937,0.37811,0.85184,0.0012278,0.0012278,0.0012278
41,3226.6,0.55052,0.39643,0.92917,0.9995,1,0.995,0.90697,0.43066,0.35301,0.84021,0.001208,0.001208,0.001208
42,3296.98,0.54243,0.39347,0.92007,0.99951,1,0.995,0.89662,0.47486,0.33893,0.85224,0.0011882,0.0011882,0.0011882
43,3352.66,0.57823,0.39228,0.90758,0.99952,1,0.995,0.88155,0.51811,0.35173,0.87513,0.0011684,0.0011684,0.0011684
44,3409.61,0.51788,0.37533,0.88402,0.99956,1,0.995,0.90252,0.44158,0.29807,0.84113,0.0011486,0.0011486,0.0011486
45,3465.35,0.56409,0.3893,0.94175,0.99957,1,0.995,0.91186,0.43515,0.31314,0.84472,0.0011288,0.0011288,0.0011288
46,3525.16,0.53606,0.39169,0.90649,0.99955,1,0.995,0.90823,0.453,0.30992,0.8483,0.001109,0.001109,0.001109
47,3583.83,0.60278,0.42167,0.9391,0.99954,1,0.995,0.9119,0.46792,0.32387,0.83821,0.0010892,0.0010892,0.0010892
48,3650.12,0.5048,0.37036,0.90765,0.99952,1,0.995,0.90645,0.5224,0.41573,0.8718,0.0010694,0.0010694,0.0010694
49,3718.23,0.51364,0.35887,0.88879,0.99953,1,0.995,0.91028,0.45751,0.31896,0.84508,0.0010496,0.0010496,0.0010496
50,3786.55,0.48759,0.35863,0.89392,0.99953,1,0.995,0.9015,0.43247,0.31793,0.8287,0.0010298,0.0010298,0.0010298
51,3847.69,0.52334,0.38758,0.91411,0.99951,1,0.995,0.91196,0.39305,0.29917,0.8229,0.00101,0.00101,0.00101
52,3916.22,0.49126,0.35125,0.89044,0.99956,1,0.995,0.90183,0.39614,0.30125,0.81544,0.0009902,0.0009902,0.0009902
53,3984.1,0.51343,0.34603,0.92296,0.99957,1,0.995,0.90688,0.40953,0.2841,0.81482,0.0009704,0.0009704,0.0009704
54,4049.59,0.46765,0.56911,0.80605,0.99956,1,0.995,0.90981,0.40191,0.26562,0.81549,0.0009506,0.0009506,0.0009506
55,4116.6,0.50898,0.40428,0.92357,0.99957,1,0.995,0.91356,0.40967,0.26446,0.82304,0.0009308,0.0009308,0.0009308
56,4188.72,0.51059,0.36677,0.90884,0.99958,1,0.995,0.91475,0.42335,0.31165,0.82435,0.000911,0.000911,0.000911
57,4250.34,0.50054,0.34829,0.9061,0.99957,1,0.995,0.91242,0.39109,0.27911,0.80461,0.0008912,0.0008912,0.0008912
58,4307.42,0.52252,0.37524,0.91083,0.99955,1,0.995,0.90886,0.37618,0.26518,0.80198,0.0008714,0.0008714,0.0008714
59,4372.87,0.54759,0.3745,0.93443,0.99955,1,0.995,0.92367,0.36284,0.27453,0.80222,0.0008516,0.0008516,0.0008516
60,4445.31,0.47183,0.33305,0.9015,0.99957,1,0.995,0.92495,0.3587,0.2761,0.80339,0.0008318,0.0008318,0.0008318
61,4510.5,0.59087,0.333,1.01213,0.99956,1,0.995,0.92799,0.35163,0.26107,0.80146,0.000812,0.000812,0.000812
62,4585.52,0.61836,0.41337,1.0533,0.99957,1,0.995,0.92951,0.3616,0.23839,0.80621,0.0007922,0.0007922,0.0007922
63,4647.53,0.4942,0.33434,0.92628,0.99957,1,0.995,0.92802,0.38964,0.24644,0.81365,0.0007724,0.0007724,0.0007724
64,4706.37,0.48937,0.32573,0.91117,0.99956,1,0.995,0.92672,0.35621,0.26339,0.79376,0.0007526,0.0007526,0.0007526
65,4766.88,0.48344,0.35779,0.92005,0.99956,1,0.995,0.92459,0.36417,0.24807,0.79748,0.0007328,0.0007328,0.0007328
66,4830.47,0.52574,0.41859,0.98584,0.99956,1,0.995,0.9274,0.39338,0.24369,0.8153,0.000713,0.000713,0.000713
67,4893.13,0.49653,0.31479,0.88356,0.99957,1,0.995,0.93016,0.38447,0.25094,0.81041,0.0006932,0.0006932,0.0006932
68,4969.17,0.47763,0.31684,0.89247,0.99957,1,0.995,0.9175,0.39432,0.23907,0.80975,0.0006734,0.0006734,0.0006734
69,5030.68,0.46802,0.30323,0.90544,0.99957,1,0.995,0.9289,0.38327,0.23883,0.80317,0.0006536,0.0006536,0.0006536
70,5095.43,0.50534,0.30706,0.91995,0.99957,1,0.995,0.91471,0.40986,0.24098,0.80468,0.0006338,0.0006338,0.0006338
71,5150.83,0.46801,0.33042,0.90316,0.99956,1,0.995,0.9318,0.37783,0.23327,0.79901,0.000614,0.000614,0.000614
72,5212.53,0.4755,0.32159,0.91706,0.99956,1,0.995,0.92957,0.36379,0.23625,0.79474,0.0005942,0.0005942,0.0005942
73,5273.61,0.43515,0.28719,0.86828,0.99955,1,0.995,0.92874,0.3472,0.23602,0.78942,0.0005744,0.0005744,0.0005744
74,5337.58,0.4647,0.3004,0.90575,0.99952,1,0.995,0.94437,0.35172,0.24113,0.79167,0.0005546,0.0005546,0.0005546
75,5418.26,0.46916,0.30554,0.89038,0.99949,1,0.995,0.94142,0.34539,0.25641,0.79074,0.0005348,0.0005348,0.0005348
76,5479.2,0.43669,0.27865,0.87512,0.99948,1,0.995,0.93547,0.35702,0.25404,0.7928,0.000515,0.000515,0.000515
77,5546.11,0.4514,0.30566,0.87609,0.9995,1,0.995,0.94158,0.33595,0.25149,0.78657,0.0004952,0.0004952,0.0004952
78,5620.58,0.44318,0.28223,0.88155,0.99957,1,0.995,0.94326,0.35075,0.24174,0.79093,0.0004754,0.0004754,0.0004754
79,5682.42,0.44809,0.32357,0.913,0.99957,1,0.995,0.95198,0.33798,0.25042,0.78862,0.0004556,0.0004556,0.0004556
80,5750.69,0.47067,0.3026,0.88787,0.99957,1,0.995,0.9445,0.31565,0.21228,0.77902,0.0004358,0.0004358,0.0004358
81,5835.16,0.41443,0.28792,0.89711,0.99957,1,0.995,0.94714,0.29951,0.21102,0.77697,0.000416,0.000416,0.000416
82,5894.3,0.38625,0.27171,0.86862,0.99957,1,0.995,0.95189,0.29287,0.20195,0.77575,0.0003962,0.0003962,0.0003962
83,5959.33,0.41911,0.28015,0.87329,0.99957,1,0.995,0.94859,0.30473,0.21894,0.77694,0.0003764,0.0003764,0.0003764
84,6046.14,0.4504,0.28501,0.90352,0.99957,1,0.995,0.9445,0.30165,0.21972,0.78127,0.0003566,0.0003566,0.0003566
85,6129.16,0.42467,0.27053,0.90038,0.99958,1,0.995,0.94119,0.31728,0.21939,0.7882,0.0003368,0.0003368,0.0003368
86,6227.05,0.41241,0.30521,0.89055,0.99958,1,0.995,0.93852,0.3327,0.22637,0.79574,0.000317,0.000317,0.000317
87,6328.11,0.4308,0.26989,0.8622,0.99958,1,0.995,0.94002,0.33235,0.22271,0.79751,0.0002972,0.0002972,0.0002972
88,6387.26,0.43975,0.27406,0.88103,0.99958,1,0.995,0.94169,0.32295,0.21613,0.79244,0.0002774,0.0002774,0.0002774
89,6453.15,0.42251,0.27618,0.85837,0.99957,1,0.995,0.94659,0.31426,0.20855,0.78755,0.0002576,0.0002576,0.0002576
90,6510.99,0.41515,0.27635,0.88958,0.99958,1,0.995,0.94645,0.30222,0.20265,0.78297,0.0002378,0.0002378,0.0002378
91,6569.87,0.39561,0.30654,0.81061,0.99958,1,0.995,0.94606,0.29259,0.20122,0.77909,0.000218,0.000218,0.000218
92,6638.41,0.35137,0.25245,0.81616,0.99958,1,0.995,0.94618,0.29016,0.21629,0.77322,0.0001982,0.0001982,0.0001982
93,6704.91,0.35346,0.24096,0.84516,0.99958,1,0.995,0.94717,0.27808,0.22115,0.77228,0.0001784,0.0001784,0.0001784
94,6761.4,0.33165,0.24114,0.81862,0.99958,1,0.995,0.9485,0.27911,0.21625,0.77342,0.0001586,0.0001586,0.0001586
95,6834.86,0.35618,0.23986,0.8335,0.99957,1,0.995,0.94898,0.2846,0.2196,0.77406,0.0001388,0.0001388,0.0001388
96,6892.43,0.35285,0.2259,0.83116,0.99958,1,0.995,0.94776,0.29768,0.2058,0.77673,0.000119,0.000119,0.000119
97,6957.47,0.31778,0.22107,0.86096,0.99958,1,0.995,0.94894,0.2946,0.20161,0.77617,9.92e-05,9.92e-05,9.92e-05
98,7027.98,0.33679,0.2308,0.8464,0.99957,1,0.995,0.95079,0.2873,0.20078,0.77396,7.94e-05,7.94e-05,7.94e-05
99,7083.36,0.35449,0.21667,0.80978,0.99958,1,0.995,0.95261,0.28675,0.20106,0.77432,5.96e-05,5.96e-05,5.96e-05
100,7151.81,0.38583,0.26973,0.83969,0.99958,1,0.995,0.95198,0.28369,0.19535,0.77399,3.98e-05,3.98e-05,3.98e-05
